           Assignment – 9
 Querying Multiple Tables at Once.


--------------------------------------------------------------------------------------------------------------------------------------------------------------------------------------------------------

 1) Write a query that lists each order number followed by the name of the customer 
who made the order. 

Term	                  Meaning
Equi Join	A join using an = condition
Inner Join	A join that returns only matching rows

mysql> SELECT Onum AS Order_NO, Cname AS customer_name
    -> FROM orders, customers
    -> WHERE orders.Cnum = customers.Cnum;
+----------+---------------+
| Order_NO | customer_name |
+----------+---------------+
|     3001 | Cisneros      |
|     3003 | Hoffman       |
|     3002 | Pereira       |
|     3005 | Liu           |
|     3006 | Cisneros      |
|     3009 | Giovanni      |
|     3007 | Grass         |
|     3008 | Clemens       |
|     3010 | Grass         |
|     3011 | Clemens       |
+----------+---------------+
10 rows in set (0.00 sec)


-------------------------------------------------------------------------------------------------------------------------------------------------------------------------------

2) Write a query that gives the names of both the salesperson and the customer for 
each order along with the order number. 

mysql> select Sname AS Salesperson, Cname AS Customer_Name, Onum AS Order_No
    -> from salesperson, customers, orders
    -> where salesperson.Snum = orders.Snum AND customers.Cnum =  orders.Cnum;
+-------------+---------------+----------+
| Salesperson | Customer_Name | Order_No |
+-------------+---------------+----------+
| Peel        | Hoffman       |     3003 |
| Axelrod     | Giovanni      |     3009 |
| Serres      | Liu           |     3005 |
| Serres      | Grass         |     3010 |
| Serres      | Grass         |     3007 |
| Peel        | Clemens       |     3011 |
| Peel        | Clemens       |     3008 |
| Rifkin      | Cisneros      |     3006 |
| Rifkin      | Cisneros      |     3001 |
| Motika      | Pereira       |     3002 |
+-------------+---------------+----------


-------------------------------------------------------------------------------------------------------------------------------------------------------------------------------


3) Write a query that produces all customers serviced by salespeople with a 
commission above 12%. Output the customer’s name, the salesperson’s name, 
and the salesperson’s rate of commission. 


mysql> SELECT customers.Cname AS Customer_Name, salesperson.Sname  AS Salesperson_Name, salesperson.Comm As salesperson_Rate_of_Commisiion
    -> FROM customers, salesperson
    -> WHERE customers.Snum = salesperson.Snum AND salesperson.Comm > 0.12;
+---------------+------------------+--------------------------------+
| Customer_Name | Salesperson_Name | salesperson_Rate_of_Commisiion |
+---------------+------------------+--------------------------------+
| Liu           | Serres           |                           0.13 |
| Grass         | Serres           |                           0.13 |
| Cisneros      | Rifkin           |                           0.15 |
+---------------+------------------+--------------------------------+
3 rows in set (0.04 sec)


-------------------------------------------------------------------------------------------------------------------------------------------------------------------------------

4) Write a query that calculates the amount of the salesperson’s commission on each 
order by a customer with a rating above 100.


ysql> SELECT orders.Onum, customers.Cname, salesperson.Sname,
    ->        (orders.Amt * salesperson.Comm) AS Commission_Amount
    -> FROM orders, customers, salesperson
    -> WHERE orders.Cnum = customers.Cnum
    ->   AND orders.Snum = salesperson.Snum
    ->   AND customers.Rating > 100;
+------+----------+---------+-------------------+
| Onum | Cname    | Sname   | Commission_Amount |
+------+----------+---------+-------------------+
| 3010 | Grass    | Serres  |            170.29 |
| 3007 | Grass    | Serres  |              9.85 |
| 3005 | Liu      | Serres  |            670.86 |
| 3006 | Cisneros | Rifkin  |            164.72 |
| 3001 | Cisneros | Rifkin  |              2.80 |
| 3009 | Giovanni | Axelrod |            171.32 |
+------+----------+---------+-------------------+