           SQL Exercise 4 

  
1. Display the minimum Status in the Supplier table. 

mysql> SELECT MIN(Status) FROM S;
+-------------+
| MIN(Status) |
+-------------+
|          10 |
+-------------+
1 row in set (0.03 sec)


 --------------------------------------------------------------------------------------------------------------------------------------------------------------
 
2. Display the maximum Weight in the Parts table. 

mysql> SELECT MAX(WEIGHT) FROM P;
+-------------+
| MAX(WEIGHT) |
+-------------+
|        14.7 |
+-------------+
1 row in set (0.04 sec)


--------------------------------------------------------------------------------------------------------------------------------------------------------------------
  
3. Display the average Weight of the Parts.

mysql> SELECT AVG(WEIGHT) FROM P;
+--------------------+
| AVG(WEIGHT)        |
+--------------------+
| 10.349999904632568 |
+--------------------+
1 row in set (0.04 sec)

--------------------------------------------------------------------------------------------------------------------------------------------------------------------
   
4. Display the total Quantity sold for part ‘P1’. 

mysql> SELECT QTY FROM SPJ WHERE 'P#' = 'P1';
Empty set (0.02 sec)

---------------------------------------------------------------------------------------------------------------------------------------------------------------------------------
  
5. Display the total Quantity sold for each part.

mysql> SELECT SUM(`QTY`) FROM `SPJ` WHERE `P#` = 'P1';
+------------+
| SUM(`QTY`) |
+------------+
|       NULL |
+------------+
1 row in set (0.00 s)


----------------------------------------------------------------------------------------------------------------------------------------------------------------------------
   
6. Display the average Quantity sold for each part. 

mysql> SELECT AVG(QTY) FROM SPJ GROUP BY `P#`;
+----------+
| AVG(QTY) |
+----------+
|  34.0000 |
|  77.0000 |
| 770.0000 |
|  90.0000 |
+----------+
4 rows in set (0.00 sec)


----------------------------------------------------------------------------------------------------------------------------------------------------------------------------
  
7. Display the maximum Quantity sold for each part, provided the maximum Quantity 
is greater than 800. 

mysql> SELECT MAX(QTY) FROM  SPJ
    -> GROUP BY 'P#'
    -> HAVING MAX(QTY)>800;
Empty set (0.03 sec)


----------------------------------------------------------------------------------------------------------------------------------------------------------------------------
  
8. Display the Status and the count of Suppliers with that Status.

mysql> SELECT STATUS, COUNT(STATUS) FROM S
    -> GROUP BY STATUS;
+--------+---------------+
| STATUS | COUNT(STATUS) |
+--------+---------------+
|     10 |             1 |
|     20 |             1 |
|     30 |             1 |
+--------+---------------+
3 rows in set (0.00 sec)

----------------------------------------------------------------------------------------------------------------------------------------------------------------------------
      
9. Display the count of Projects going on in different cities.   

mysql> SELECT City, COUNT(City) FROM P
    -> GROUP BY City;
+----------+-------------+
| City     | COUNT(City) |
+----------+-------------+
| Athens   |           1 |
| London   |           1 |
| Paris    |           1 |
| New York |           1 |
+----------+-------------+
4 rows in set (0.00 sec)

----------------------------------------------------------------------------------------------------------------------------------------------------------------------------
   
10. What is the difference between COUNT(Status) and COUNT(*) ?   

-> COUNT(Status): Counts only NON-NULL values in the Status column.

-> COUNT(*): Counts all rows, whether Status is NULL or not.

----------------------------------------------------------------------------------------------------------------------------------------------------------------------------
   
11. Display the Status and the Count of Suppliers with that Status in the following format 
as shown below:-   
STATUS              COUNT
TEN                   1
TWENTY                2
THIRTY                3

mysql> SELECT
    -> CASE Status
    -> WHEN 10 THEN 'Ten'
    -> WHEN 20 THEN 'Twenty'
    -> WHEN 30 THEN 'Thirty'
    -> END AS "STATUS",
    -> count(status) AS count
    -> FROM S
    -> GROUP BY status;
+--------+-------+
| STATUS | count |
+--------+-------+
| Ten    |     1 |
| Twenty |     1 |
| Thirty |     1 |
+--------+-------+
3 rows in set, 1 warning (0.00 sec)