               SQL Exercise 3  

 
1. Display all the Supplier names with the initial letter capital. 

mysql> SELECT upper(Substring(SName,1,1)) FROM S;
+-----------------------------+
| upper(Substring(SName,1,1)) |
+-----------------------------+
| R                           |
| R                           |
| R                           |
+-----------------------------+
3 rows in set (0.00 sec)
  


---------------------------------------------------------------------------------------------------------------------------------------------------------------

2. Display all the Supplier names in upper case. 

mysql> SELECT upper(SName) FROM S;
+--------------+
| upper(SName) |
+--------------+
| RIO1         |
| RIO2         |
| RIO3         |
+--------------+
3 rows in set (0.00 sec)


-----------------------------------------------------------------------------------------------------------------------------------------------------------------
  
3. Display all the Supplier names in lower case. 
 
mysql> SELECT lower(SName) FROM S;
+--------------+
| lower(SName) |
+--------------+
| rio1         |
| rio2         |
| rio3         |
+--------------+
3 rows in set (0.04 sec)


 -----------------------------------------------------------------------------------------------------------------------------------------------------------

4. Display all the Supplier names padded to 25 characters, with spaces on the left. 

mysql> SELECT LPAD(SName, 25, '*') FROM S;
+---------------------------+
| LPAD(SName, 25, '*')      |
+---------------------------+
| *********************RIO1 |
| *********************RIO2 |
| *********************RIO3 |
+---------------------------+
3 rows in set (0.04 sec)


-------------------------------------------------------------------------------------------------------------------------------------------------------------
  
5. Display all the Supplier names (with ‘la’ replaced by ‘ro’).     
HINT: REPLACE.
mysql> SELECT REPLACE (SName, 'la', 'ro') FROM S;
+-----------------------------+
| REPLACE (SName, 'la', 'ro') |
+-----------------------------+
| RIO1                        |
| RIO2                        |
| RIO3                        |
+-----------------------------+
3 rows in set (0.03 sec)


---------------------------------------------------------------------------------------------------------------------------------------------------------------
   
6. Implement the above command such that ‘l’ is replaced with ‘r’ and ‘a’ is replaced 
with ‘o’.

mysql> SELECT replace(replace(SName, 'l', 'r'), 'a', 'o') FROM S;
+---------------------------------------------+
| replace(replace(SName, 'l', 'r'), 'a', 'o') |
+---------------------------------------------+
| RIO1                                        |
| RIO2                                        |
| RIO3                                        |
+---------------------------------------------+
3 rows in set (0.00 sec)   


---------------------------------------------------------------------------------------------------------------------------------------------------------------

7. Display the Supplier names and the lengths of the names. 

mysql> SELECT SName, LENGTH(SName) FROM S;
+-------+---------------+
| SName | LENGTH(SName) |
+-------+---------------+
| RIO1  |             4 |
| RIO2  |             4 |
| RIO3  |             4 |
+-------+---------------+
3 rows in set (0.00 sec)


-------------------------------------------------------------------------------------------------------------------------------------------------------------
  
8. Use the soundex function to search for a supplier by the name of ‘BLOKE’. 

mysql> SELECT SName FROM S
    -> WHERE Soundex(SName) = Soundex('BLOKE');
Empty set (0.05 sec)

---------------------------------------------------------------------------------------------------------------------------------------------------------------

9. Display the Supplier name and the status (as Ten, Twenty, Thirty, etc.).  

mysql> SELECT SName,
    -> CASE STATUS
    -> WHEN 10 THEN 'Ten'
    -> WHEN 20 THEN 'Twenty'
    -> WHEN 30 THEN 'Thirty'
    -> ELSE 'Others'
    -> END "STATUS NAMES"
    -> FROM S;
+-------+--------------+
| SName | STATUS NAMES |
+-------+--------------+
| RIO1  | Ten          |
| RIO2  | Twenty       |
| RIO3  | Thirty       |
+-------+--------------+
3 rows in set (0.00 sec)

---------------------------------------------------------------------------------------------------------------------------------------------------------------

10. Display the current day (e.g. Thursday). 

mysql> SELECT DAYNAME(CURDATE()) AS Today;
+--------+
| Today  |
+--------+
| Sunday |
+--------+
1 row in set (0.03 sec) 
